warehouse,floor_no,rack_no,location_id,x,y,z
5BTG,3,35,3351031,-2652.0,3518.0,0.0
5BTG,3,35,3351032,-2652.0,3653.0,0.0
5BTG,3,35,3351041,-2792.0,3518.0,0.0
5BTG,3,35,3351042,-2792.0,3653.0,0.0
5BTG,3,35,3351051,-2932.0,3518.0,0.0
5BTG,3,35,3351052,-2932.0,3653.0,0.0
5BTG,3,35,3351061,-3072.0,3518.0,0.0
5BTG,3,35,3351062,-3072.0,3653.0,0.0
5BTG,3,35,3351071,-3212.0,3518.0,0.0
5BTG,3,35,3351072,-3212.0,3653.0,0.0
5BTG,3,35,3351081,-3352.0,3518.0,0.0
5BTG,3,35,3351082,-3352.0,3653.0,0.0
5BTG,3,35,3351091,-3492.0,3518.0,0.0
5BTG,3,35,3351092,-3492.0,3653.0,0.0
5BTG,3,35,3351101,-3632.0,3518.0,0.0
5BTG,3,35,3351102,-3632.0,3653.0,0.0
5BTG,3,35,3351111,-3772.0,3518.0,0.0
5BTG,3,35,3351112,-3772.0,3653.0,0.0
5BTG,3,35,3351121,-3912.0,3518.0,0.0
5BTG,3,35,3351122,-3912.0,3653.0,0.0
5BTG,3,35,3351131,-4052.0,3518.0,0.0
5BTG,3,35,3351132,-4052.0,3653.0,0.0
5BTG,3,35,3351141,-4192.0,3518.0,0.0
5BTG,3,35,3351142,-4192.0,3653.0,0.0
5BTG,3,35,3351151,-4332.0,3518.0,0.0
5BTG,3,35,3351152,-4332.0,3653.0,0.0
5BTG,3,35,3351161,-4472.0,3518.0,0.0
5BTG,3,35,3351162,-4472.0,3653.0,0.0
5BTG,3,35,3351171,-4612.0,3518.0,0.0
5BTG,3,35,3351172,-4612.0,3653.0,0.0
5BTG,3,35,3351181,-4752.0,3518.0,0.0
5BTG,3,35,3351182,-4752.0,3653.0,0.0
5BTG,3,35,3351191,-4892.0,3518.0,0.0
5BTG,3,35,3351192,-4892.0,3653.0,0.0
5BTG,3,35,3351201,-5032.0,3518.0,0.0
5BTG,3,35,3351202,-5032.0,3653.0,0.0
5BTG,3,35,3351211,-5172.0,3518.0,0.0
5BTG,3,35,3351212,-5172.0,3653.0,0.0
5BTG,3,35,3351221,-5312.0,3518.0,0.0
5BTG,3,35,3351222,-5312.0,3653.0,0.0
5BTG,3,35,3351231,-5452.0,3518.0,0.0
5BTG,3,35,3351232,-5452.0,3653.0,0.0
5BTG,3,35,3351241,-5592.0,3518.0,0.0
5BTG,3,35,3351242,-5592.0,3653.0,0.0
5BTG,3,35,3351251,-5732.0,3518.0,0.0
5BTG,3,35,3351252,-5732.0,3653.0,0.0
5BTG,3,35,3351261,-5872.0,3518.0,0.0
5BTG,3,35,3351262,-5872.0,3653.0,0.0
5BTG,3,35,3351271,-6012.0,3518.0,0.0
5BTG,3,35,3351272,-6012.0,3653.0,0.0
5BTG,3,35,3351281,-6152.0,3518.0,0.0
5BTG,3,35,3351282,-6152.0,3653.0,0.0
5BTG,3,35,3351291,-6292.0,3518.0,0.0
5BTG,3,35,3351292,-6292.0,3653.0,0.0
5BTG,3,35,3351301,-6432.0,3518.0,0.0
5BTG,3,35,3351302,-6432.0,3653.0,0.0
5BTG,3,35,3351311,-6572.0,3518.0,0.0
5BTG,3,35,3351312,-6572.0,3653.0,0.0
5BTG,3,35,3351321,-6712.0,3518.0,0.0
5BTG,3,35,3351322,-6712.0,3653.0,0.0
5BTG,3,35,3351331,-6852.0,3518.0,0.0
5BTG,3,35,3351332,-6852.0,3653.0,0.0
5BTG,3,35,3351341,-6992.0,3518.0,0.0
5BTG,3,35,3351342,-6992.0,3653.0,0.0
5BTG,3,35,3351351,-7132.0,3518.0,0.0
5BTG,3,35,3351352,-7132.0,3653.0,0.0
5BTG,3,35,3351361,-7272.0,3518.0,0.0
5BTG,3,35,3351362,-7272.0,3653.0,0.0
5BTG,3,35,3351371,-7412.0,3518.0,0.0
5BTG,3,35,3351372,-7412.0,3653.0,0.0
5BTG,3,35,3351381,-7552.0,3518.0,0.0
5BTG,3,35,3351382,-7552.0,3653.0,0.0
5BTG,3,35,3351391,-7692.0,3518.0,0.0
5BTG,3,35,3351392,-7692.0,3653.0,0.0
5BTG,3,35,3351401,-7832.0,3518.0,0.0
5BTG,3,35,3351402,-7832.0,3653.0,0.0
5BTG,3,35,3351411,-7972.0,3518.0,0.0
5BTG,3,35,3351412,-7972.0,3653.0,0.0
5BTG,3,35,3351421,-8112.0,3518.0,0.0
5BTG,3,35,3351422,-8112.0,3653.0,0.0
5BTG,3,35,3351431,-8252.0,3518.0,0.0
5BTG,3,35,3351432,-8252.0,3653.0,0.0
5BTG,3,35,3351441,-8392.0,3518.0,0.0
5BTG,3,35,3351442,-8392.0,3653.0,0.0
5BTG,3,35,3351451,-8532.0,3518.0,0.0
5BTG,3,35,3351452,-8532.0,3653.0,0.0
5BTG,3,35,3351461,-8672.0,3518.0,0.0
5BTG,3,35,3351462,-8672.0,3653.0,0.0
5BTG,3,35,3351471,-8812.0,3518.0,0.0
5BTG,3,35,3351472,-8812.0,3653.0,0.0
5BTG,3,35,3351481,-8952.0,3518.0,0.0
5BTG,3,35,3351482,-8952.0,3653.0,0.0
5BTG,3,35,3351491,-9092.0,3518.0,0.0
5BTG,3,35,3351492,-9092.0,3653.0,0.0
5BTG,3,35,3351501,-9232.0,3518.0,0.0
5BTG,3,35,3351502,-9232.0,3653.0,0.0
5BTG,3,35,3351511,-9372.0,3518.0,0.0
5BTG,3,35,3351512,-9372.0,3653.0,0.0
5BTG,3,35,3351521,-9512.0,3518.0,0.0
5BTG,3,35,3351522,-9512.0,3653.0,0.0
5BTG,3,35,3351531,-9652.0,3518.0,0.0
5BTG,3,35,3351532,-9652.0,3653.0,0.0
5BTG,3,35,3351541,-9792.0,3518.0,0.0
5BTG,3,35,3351542,-9792.0,3653.0,0.0
5BTG,3,35,3351551,-9932.0,3518.0,0.0
5BTG,3,35,3351552,-9932.0,3653.0,0.0
5BTG,3,35,3351561,-10072.0,3518.0,0.0
5BTG,3,35,3351562,-10072.0,3653.0,0.0
5BTG,3,35,3351571,-10212.0,3518.0,0.0
5BTG,3,35,3351572,-10212.0,3653.0,0.0
5BTG,3,35,3351581,-10352.0,3518.0,0.0
5BTG,3,35,3351582,-10352.0,3653.0,0.0
5BTG,3,35,3352031,-2652.0,3518.0,220.0
5BTG,3,35,3352032,-2652.0,3653.0,220.0
5BTG,3,35,3352041,-2792.0,3518.0,220.0
5BTG,3,35,3352042,-2792.0,3653.0,220.0
5BTG,3,35,3352051,-2932.0,3518.0,220.0
5BTG,3,35,3352052,-2932.0,3653.0,220.0
5BTG,3,35,3352061,-3072.0,3518.0,220.0
5BTG,3,35,3352062,-3072.0,3653.0,220.0
5BTG,3,35,3352071,-3212.0,3518.0,220.0
5BTG,3,35,3352072,-3212.0,3653.0,220.0
5BTG,3,35,3352081,-3352.0,3518.0,220.0
5BTG,3,35,3352082,-3352.0,3653.0,220.0
5BTG,3,35,3352091,-3492.0,3518.0,220.0
5BTG,3,35,3352092,-3492.0,3653.0,220.0
5BTG,3,35,3352101,-3632.0,3518.0,220.0
5BTG,3,35,3352102,-3632.0,3653.0,220.0
5BTG,3,35,3352111,-3772.0,3518.0,220.0
5BTG,3,35,3352112,-3772.0,3653.0,220.0
5BTG,3,35,3352121,-3912.0,3518.0,220.0
5BTG,3,35,3352122,-3912.0,3653.0,220.0
5BTG,3,35,3352131,-4052.0,3518.0,220.0
5BTG,3,35,3352132,-4052.0,3653.0,220.0
5BTG,3,35,3352141,-4192.0,3518.0,220.0
5BTG,3,35,3352142,-4192.0,3653.0,220.0
5BTG,3,35,3352151,-4332.0,3518.0,220.0
5BTG,3,35,3352152,-4332.0,3653.0,220.0
5BTG,3,35,3352161,-4472.0,3518.0,220.0
5BTG,3,35,3352162,-4472.0,3653.0,220.0
5BTG,3,35,3352171,-4612.0,3518.0,220.0
5BTG,3,35,3352172,-4612.0,3653.0,220.0
5BTG,3,35,3352181,-4752.0,3518.0,220.0
5BTG,3,35,3352182,-4752.0,3653.0,220.0
5BTG,3,35,3352191,-4892.0,3518.0,220.0
5BTG,3,35,3352192,-4892.0,3653.0,220.0
5BTG,3,35,3352201,-5032.0,3518.0,220.0
5BTG,3,35,3352202,-5032.0,3653.0,220.0
5BTG,3,35,3352211,-5172.0,3518.0,220.0
5BTG,3,35,3352212,-5172.0,3653.0,220.0
5BTG,3,35,3352221,-5312.0,3518.0,220.0
5BTG,3,35,3352222,-5312.0,3653.0,220.0
5BTG,3,35,3352231,-5452.0,3518.0,220.0
5BTG,3,35,3352232,-5452.0,3653.0,220.0
5BTG,3,35,3352241,-5592.0,3518.0,220.0
5BTG,3,35,3352242,-5592.0,3653.0,220.0
5BTG,3,35,3352251,-5732.0,3518.0,220.0
5BTG,3,35,3352252,-5732.0,3653.0,220.0
5BTG,3,35,3352261,-5872.0,3518.0,220.0
5BTG,3,35,3352262,-5872.0,3653.0,220.0
5BTG,3,35,3352271,-6012.0,3518.0,220.0
5BTG,3,35,3352272,-6012.0,3653.0,220.0
5BTG,3,35,3352281,-6152.0,3518.0,220.0
5BTG,3,35,3352282,-6152.0,3653.0,220.0
5BTG,3,35,3352291,-6292.0,3518.0,220.0
5BTG,3,35,3352292,-6292.0,3653.0,220.0
5BTG,3,35,3352301,-6432.0,3518.0,220.0
5BTG,3,35,3352302,-6432.0,3653.0,220.0
5BTG,3,35,3352311,-6572.0,3518.0,220.0
5BTG,3,35,3352312,-6572.0,3653.0,220.0
5BTG,3,35,3352321,-6712.0,3518.0,220.0
5BTG,3,35,3352322,-6712.0,3653.0,220.0
5BTG,3,35,3352331,-6852.0,3518.0,220.0
5BTG,3,35,3352332,-6852.0,3653.0,220.0
5BTG,3,35,3352341,-6992.0,3518.0,220.0
5BTG,3,35,3352342,-6992.0,3653.0,220.0
5BTG,3,35,3352351,-7132.0,3518.0,220.0
5BTG,3,35,3352352,-7132.0,3653.0,220.0
5BTG,3,35,3352361,-7272.0,3518.0,220.0
5BTG,3,35,3352362,-7272.0,3653.0,220.0
5BTG,3,35,3352371,-7412.0,3518.0,220.0
5BTG,3,35,3352372,-7412.0,3653.0,220.0
5BTG,3,35,3352381,-7552.0,3518.0,220.0
5BTG,3,35,3352382,-7552.0,3653.0,220.0
5BTG,3,35,3352391,-7692.0,3518.0,220.0
5BTG,3,35,3352392,-7692.0,3653.0,220.0
5BTG,3,35,3352401,-7832.0,3518.0,220.0
5BTG,3,35,3352402,-7832.0,3653.0,220.0
5BTG,3,35,3352411,-7972.0,3518.0,220.0
5BTG,3,35,3352412,-7972.0,3653.0,220.0
5BTG,3,35,3352421,-8112.0,3518.0,220.0
5BTG,3,35,3352422,-8112.0,3653.0,220.0
5BTG,3,35,3352431,-8252.0,3518.0,220.0
5BTG,3,35,3352432,-8252.0,3653.0,220.0
5BTG,3,35,3352441,-8392.0,3518.0,220.0
5BTG,3,35,3352442,-8392.0,3653.0,220.0
5BTG,3,35,3352451,-8532.0,3518.0,220.0
5BTG,3,35,3352452,-8532.0,3653.0,220.0
5BTG,3,35,3352461,-8672.0,3518.0,220.0
5BTG,3,35,3352462,-8672.0,3653.0,220.0
5BTG,3,35,3352471,-8812.0,3518.0,220.0
5BTG,3,35,3352472,-8812.0,3653.0,220.0
5BTG,3,35,3352481,-8952.0,3518.0,220.0
5BTG,3,35,3352482,-8952.0,3653.0,220.0
5BTG,3,35,3352491,-9092.0,3518.0,220.0
5BTG,3,35,3352492,-9092.0,3653.0,220.0
5BTG,3,35,3352501,-9232.0,3518.0,220.0
5BTG,3,35,3352502,-9232.0,3653.0,220.0
5BTG,3,35,3352511,-9372.0,3518.0,220.0
5BTG,3,35,3352512,-9372.0,3653.0,220.0
5BTG,3,35,3352521,-9512.0,3518.0,220.0
5BTG,3,35,3352522,-9512.0,3653.0,220.0
5BTG,3,35,3352531,-9652.0,3518.0,220.0
5BTG,3,35,3352532,-9652.0,3653.0,220.0
5BTG,3,35,3352541,-9792.0,3518.0,220.0
5BTG,3,35,3352542,-9792.0,3653.0,220.0
5BTG,3,35,3352551,-9932.0,3518.0,220.0
5BTG,3,35,3352552,-9932.0,3653.0,220.0
5BTG,3,35,3352561,-10072.0,3518.0,220.0
5BTG,3,35,3352562,-10072.0,3653.0,220.0
5BTG,3,35,3352571,-10212.0,3518.0,220.0
5BTG,3,35,3352572,-10212.0,3653.0,220.0
5BTG,3,35,3352581,-10352.0,3518.0,220.0
5BTG,3,35,3352582,-10352.0,3653.0,220.0
5BTG,3,35,3353031,-2652.0,3518.0,395.0
5BTG,3,35,3353032,-2652.0,3653.0,395.0
5BTG,3,35,3353041,-2792.0,3518.0,395.0
5BTG,3,35,3353042,-2792.0,3653.0,395.0
5BTG,3,35,3353051,-2932.0,3518.0,395.0
5BTG,3,35,3353052,-2932.0,3653.0,395.0
5BTG,3,35,3353061,-3072.0,3518.0,395.0
5BTG,3,35,3353062,-3072.0,3653.0,395.0
5BTG,3,35,3353071,-3212.0,3518.0,395.0
5BTG,3,35,3353072,-3212.0,3653.0,395.0
5BTG,3,35,3353081,-3352.0,3518.0,395.0
5BTG,3,35,3353082,-3352.0,3653.0,395.0
5BTG,3,35,3353091,-3492.0,3518.0,395.0
5BTG,3,35,3353092,-3492.0,3653.0,395.0
5BTG,3,35,3353101,-3632.0,3518.0,395.0
5BTG,3,35,3353102,-3632.0,3653.0,395.0
5BTG,3,35,3353111,-3772.0,3518.0,395.0
5BTG,3,35,3353112,-3772.0,3653.0,395.0
5BTG,3,35,3353121,-3912.0,3518.0,395.0
5BTG,3,35,3353122,-3912.0,3653.0,395.0
5BTG,3,35,3353131,-4052.0,3518.0,395.0
5BTG,3,35,3353132,-4052.0,3653.0,395.0
5BTG,3,35,3353141,-4192.0,3518.0,395.0
5BTG,3,35,3353142,-4192.0,3653.0,395.0
5BTG,3,35,3353151,-4332.0,3518.0,395.0
5BTG,3,35,3353152,-4332.0,3653.0,395.0
5BTG,3,35,3353161,-4472.0,3518.0,395.0
5BTG,3,35,3353162,-4472.0,3653.0,395.0
5BTG,3,35,3353171,-4612.0,3518.0,395.0
5BTG,3,35,3353172,-4612.0,3653.0,395.0
5BTG,3,35,3353181,-4752.0,3518.0,395.0
5BTG,3,35,3353182,-4752.0,3653.0,395.0
5BTG,3,35,3353191,-4892.0,3518.0,395.0
5BTG,3,35,3353192,-4892.0,3653.0,395.0
5BTG,3,35,3353201,-5032.0,3518.0,395.0
5BTG,3,35,3353202,-5032.0,3653.0,395.0
5BTG,3,35,3353211,-5172.0,3518.0,395.0
5BTG,3,35,3353212,-5172.0,3653.0,395.0
5BTG,3,35,3353221,-5312.0,3518.0,395.0
5BTG,3,35,3353222,-5312.0,3653.0,395.0
5BTG,3,35,3353231,-5452.0,3518.0,395.0
5BTG,3,35,3353232,-5452.0,3653.0,395.0
5BTG,3,35,3353241,-5592.0,3518.0,395.0
5BTG,3,35,3353242,-5592.0,3653.0,395.0
5BTG,3,35,3353251,-5732.0,3518.0,395.0
5BTG,3,35,3353252,-5732.0,3653.0,395.0
5BTG,3,35,3353261,-5872.0,3518.0,395.0
5BTG,3,35,3353262,-5872.0,3653.0,395.0
5BTG,3,35,3353271,-6012.0,3518.0,395.0
5BTG,3,35,3353272,-6012.0,3653.0,395.0
5BTG,3,35,3353281,-6152.0,3518.0,395.0
5BTG,3,35,3353282,-6152.0,3653.0,395.0
5BTG,3,35,3353291,-6292.0,3518.0,395.0
5BTG,3,35,3353292,-6292.0,3653.0,395.0
5BTG,3,35,3353301,-6432.0,3518.0,395.0
5BTG,3,35,3353302,-6432.0,3653.0,395.0
5BTG,3,35,3353311,-6572.0,3518.0,395.0
5BTG,3,35,3353312,-6572.0,3653.0,395.0
5BTG,3,35,3353321,-6712.0,3518.0,395.0
5BTG,3,35,3353322,-6712.0,3653.0,395.0
5BTG,3,35,3353331,-6852.0,3518.0,395.0
5BTG,3,35,3353332,-6852.0,3653.0,395.0
5BTG,3,35,3353341,-6992.0,3518.0,395.0
5BTG,3,35,3353342,-6992.0,3653.0,395.0
5BTG,3,35,3353351,-7132.0,3518.0,395.0
5BTG,3,35,3353352,-7132.0,3653.0,395.0
5BTG,3,35,3353361,-7272.0,3518.0,395.0
5BTG,3,35,3353362,-7272.0,3653.0,395.0
5BTG,3,35,3353371,-7412.0,3518.0,395.0
5BTG,3,35,3353372,-7412.0,3653.0,395.0
5BTG,3,35,3353381,-7552.0,3518.0,395.0
5BTG,3,35,3353382,-7552.0,3653.0,395.0
5BTG,3,35,3353391,-7692.0,3518.0,395.0
5BTG,3,35,3353392,-7692.0,3653.0,395.0
5BTG,3,35,3353401,-7832.0,3518.0,395.0
5BTG,3,35,3353402,-7832.0,3653.0,395.0
5BTG,3,35,3353411,-7972.0,3518.0,395.0
5BTG,3,35,3353412,-7972.0,3653.0,395.0
5BTG,3,35,3353421,-8112.0,3518.0,395.0
5BTG,3,35,3353422,-8112.0,3653.0,395.0
5BTG,3,35,3353431,-8252.0,3518.0,395.0
5BTG,3,35,3353432,-8252.0,3653.0,395.0
5BTG,3,35,3353441,-8392.0,3518.0,395.0
5BTG,3,35,3353442,-8392.0,3653.0,395.0
5BTG,3,35,3353451,-8532.0,3518.0,395.0
5BTG,3,35,3353452,-8532.0,3653.0,395.0
5BTG,3,35,3353461,-8672.0,3518.0,395.0
5BTG,3,35,3353462,-8672.0,3653.0,395.0
5BTG,3,35,3353471,-8812.0,3518.0,395.0
5BTG,3,35,3353472,-8812.0,3653.0,395.0
5BTG,3,35,3353481,-8952.0,3518.0,395.0
5BTG,3,35,3353482,-8952.0,3653.0,395.0
5BTG,3,35,3353491,-9092.0,3518.0,395.0
5BTG,3,35,3353492,-9092.0,3653.0,395.0
5BTG,3,35,3353501,-9232.0,3518.0,395.0
5BTG,3,35,3353502,-9232.0,3653.0,395.0
5BTG,3,35,3353511,-9372.0,3518.0,395.0
5BTG,3,35,3353512,-9372.0,3653.0,395.0
5BTG,3,35,3353521,-9512.0,3518.0,395.0
5BTG,3,35,3353522,-9512.0,3653.0,395.0
5BTG,3,35,3353531,-9652.0,3518.0,395.0
5BTG,3,35,3353532,-9652.0,3653.0,395.0
5BTG,3,35,3353541,-9792.0,3518.0,395.0
5BTG,3,35,3353542,-9792.0,3653.0,395.0
5BTG,3,35,3353551,-9932.0,3518.0,395.0
5BTG,3,35,3353552,-9932.0,3653.0,395.0
5BTG,3,35,3353561,-10072.0,3518.0,395.0
5BTG,3,35,3353562,-10072.0,3653.0,395.0
5BTG,3,35,3353571,-10212.0,3518.0,395.0
5BTG,3,35,3353572,-10212.0,3653.0,395.0
5BTG,3,35,3353581,-10352.0,3518.0,395.0
5BTG,3,35,3353582,-10352.0,3653.0,395.0
5BTG,3,35,3354031,-2652.0,3518.0,570.0
5BTG,3,35,3354032,-2652.0,3653.0,570.0
5BTG,3,35,3354041,-2792.0,3518.0,570.0
5BTG,3,35,3354042,-2792.0,3653.0,570.0
5BTG,3,35,3354051,-2932.0,3518.0,570.0
5BTG,3,35,3354052,-2932.0,3653.0,570.0
5BTG,3,35,3354061,-3072.0,3518.0,570.0
5BTG,3,35,3354062,-3072.0,3653.0,570.0
5BTG,3,35,3354071,-3212.0,3518.0,570.0
5BTG,3,35,3354072,-3212.0,3653.0,570.0
5BTG,3,35,3354081,-3352.0,3518.0,570.0
5BTG,3,35,3354082,-3352.0,3653.0,570.0
5BTG,3,35,3354091,-3492.0,3518.0,570.0
5BTG,3,35,3354092,-3492.0,3653.0,570.0
5BTG,3,35,3354101,-3632.0,3518.0,570.0
5BTG,3,35,3354102,-3632.0,3653.0,570.0
5BTG,3,35,3354111,-3772.0,3518.0,570.0
5BTG,3,35,3354112,-3772.0,3653.0,570.0
5BTG,3,35,3354121,-3912.0,3518.0,570.0
5BTG,3,35,3354122,-3912.0,3653.0,570.0
5BTG,3,35,3354131,-4052.0,3518.0,570.0
5BTG,3,35,3354132,-4052.0,3653.0,570.0
5BTG,3,35,3354141,-4192.0,3518.0,570.0
5BTG,3,35,3354142,-4192.0,3653.0,570.0
5BTG,3,35,3354151,-4332.0,3518.0,570.0
5BTG,3,35,3354152,-4332.0,3653.0,570.0
5BTG,3,35,3354161,-4472.0,3518.0,570.0
5BTG,3,35,3354162,-4472.0,3653.0,570.0
5BTG,3,35,3354171,-4612.0,3518.0,570.0
5BTG,3,35,3354172,-4612.0,3653.0,570.0
5BTG,3,35,3354181,-4752.0,3518.0,570.0
5BTG,3,35,3354182,-4752.0,3653.0,570.0
5BTG,3,35,3354191,-4892.0,3518.0,570.0
5BTG,3,35,3354192,-4892.0,3653.0,570.0
5BTG,3,35,3354201,-5032.0,3518.0,570.0
5BTG,3,35,3354202,-5032.0,3653.0,570.0
5BTG,3,35,3354211,-5172.0,3518.0,570.0
5BTG,3,35,3354212,-5172.0,3653.0,570.0
5BTG,3,35,3354221,-5312.0,3518.0,570.0
5BTG,3,35,3354222,-5312.0,3653.0,570.0
5BTG,3,35,3354231,-5452.0,3518.0,570.0
5BTG,3,35,3354232,-5452.0,3653.0,570.0
5BTG,3,35,3354241,-5592.0,3518.0,570.0
5BTG,3,35,3354242,-5592.0,3653.0,570.0
5BTG,3,35,3354251,-5732.0,3518.0,570.0
5BTG,3,35,3354252,-5732.0,3653.0,570.0
5BTG,3,35,3354261,-5872.0,3518.0,570.0
5BTG,3,35,3354262,-5872.0,3653.0,570.0
5BTG,3,35,3354271,-6012.0,3518.0,570.0
5BTG,3,35,3354272,-6012.0,3653.0,570.0
5BTG,3,35,3354281,-6152.0,3518.0,570.0
5BTG,3,35,3354282,-6152.0,3653.0,570.0
5BTG,3,35,3354291,-6292.0,3518.0,570.0
5BTG,3,35,3354292,-6292.0,3653.0,570.0
5BTG,3,35,3354301,-6432.0,3518.0,570.0
5BTG,3,35,3354302,-6432.0,3653.0,570.0
5BTG,3,35,3354311,-6572.0,3518.0,570.0
5BTG,3,35,3354312,-6572.0,3653.0,570.0
5BTG,3,35,3354321,-6712.0,3518.0,570.0
5BTG,3,35,3354322,-6712.0,3653.0,570.0
5BTG,3,35,3354331,-6852.0,3518.0,570.0
5BTG,3,35,3354332,-6852.0,3653.0,570.0
5BTG,3,35,3354341,-6992.0,3518.0,570.0
5BTG,3,35,3354342,-6992.0,3653.0,570.0
5BTG,3,35,3354351,-7132.0,3518.0,570.0
5BTG,3,35,3354352,-7132.0,3653.0,570.0
5BTG,3,35,3354361,-7272.0,3518.0,570.0
5BTG,3,35,3354362,-7272.0,3653.0,570.0
5BTG,3,35,3354371,-7412.0,3518.0,570.0
5BTG,3,35,3354372,-7412.0,3653.0,570.0
5BTG,3,35,3354381,-7552.0,3518.0,570.0
5BTG,3,35,3354382,-7552.0,3653.0,570.0
5BTG,3,35,3354391,-7692.0,3518.0,570.0
5BTG,3,35,3354392,-7692.0,3653.0,570.0
5BTG,3,35,3354401,-7832.0,3518.0,570.0
5BTG,3,35,3354402,-7832.0,3653.0,570.0
5BTG,3,35,3354411,-7972.0,3518.0,570.0
5BTG,3,35,3354412,-7972.0,3653.0,570.0
5BTG,3,35,3354421,-8112.0,3518.0,570.0
5BTG,3,35,3354422,-8112.0,3653.0,570.0
5BTG,3,35,3354431,-8252.0,3518.0,570.0
5BTG,3,35,3354432,-8252.0,3653.0,570.0
5BTG,3,35,3354441,-8392.0,3518.0,570.0
5BTG,3,35,3354442,-8392.0,3653.0,570.0
5BTG,3,35,3354451,-8532.0,3518.0,570.0
5BTG,3,35,3354452,-8532.0,3653.0,570.0
5BTG,3,35,3354461,-8672.0,3518.0,570.0
5BTG,3,35,3354462,-8672.0,3653.0,570.0
5BTG,3,35,3354471,-8812.0,3518.0,570.0
5BTG,3,35,3354472,-8812.0,3653.0,570.0
5BTG,3,35,3354481,-8952.0,3518.0,570.0
5BTG,3,35,3354482,-8952.0,3653.0,570.0
5BTG,3,35,3354491,-9092.0,3518.0,570.0
5BTG,3,35,3354492,-9092.0,3653.0,570.0
5BTG,3,35,3354501,-9232.0,3518.0,570.0
5BTG,3,35,3354502,-9232.0,3653.0,570.0
5BTG,3,35,3354511,-9372.0,3518.0,570.0
5BTG,3,35,3354512,-9372.0,3653.0,570.0
5BTG,3,35,3354521,-9512.0,3518.0,570.0
5BTG,3,35,3354522,-9512.0,3653.0,570.0
5BTG,3,35,3354531,-9652.0,3518.0,570.0
5BTG,3,35,3354532,-9652.0,3653.0,570.0
5BTG,3,35,3354541,-9792.0,3518.0,570.0
5BTG,3,35,3354542,-9792.0,3653.0,570.0
5BTG,3,35,3354551,-9932.0,3518.0,570.0
5BTG,3,35,3354552,-9932.0,3653.0,570.0
5BTG,3,35,3354561,-10072.0,3518.0,570.0
5BTG,3,35,3354562,-10072.0,3653.0,570.0
5BTG,3,35,3354571,-10212.0,3518.0,570.0
5BTG,3,35,3354572,-10212.0,3653.0,570.0
5BTG,3,35,3354581,-10352.0,3518.0,570.0
5BTG,3,35,3354582,-10352.0,3653.0,570.0
5BTG,3,35,3355031,-2652.0,3518.0,745.0
5BTG,3,35,3355032,-2652.0,3653.0,745.0
5BTG,3,35,3355041,-2792.0,3518.0,745.0
5BTG,3,35,3355042,-2792.0,3653.0,745.0
5BTG,3,35,3355051,-2932.0,3518.0,745.0
5BTG,3,35,3355052,-2932.0,3653.0,745.0
5BTG,3,35,3355061,-3072.0,3518.0,745.0
5BTG,3,35,3355062,-3072.0,3653.0,745.0
5BTG,3,35,3355071,-3212.0,3518.0,745.0
5BTG,3,35,3355072,-3212.0,3653.0,745.0
5BTG,3,35,3355081,-3352.0,3518.0,745.0
5BTG,3,35,3355082,-3352.0,3653.0,745.0
5BTG,3,35,3355091,-3492.0,3518.0,745.0
5BTG,3,35,3355092,-3492.0,3653.0,745.0
5BTG,3,35,3355101,-3632.0,3518.0,745.0
5BTG,3,35,3355102,-3632.0,3653.0,745.0
5BTG,3,35,3355111,-3772.0,3518.0,745.0
5BTG,3,35,3355112,-3772.0,3653.0,745.0
5BTG,3,35,3355121,-3912.0,3518.0,745.0
5BTG,3,35,3355122,-3912.0,3653.0,745.0
5BTG,3,35,3355131,-4052.0,3518.0,745.0
5BTG,3,35,3355132,-4052.0,3653.0,745.0
5BTG,3,35,3355141,-4192.0,3518.0,745.0
5BTG,3,35,3355142,-4192.0,3653.0,745.0
5BTG,3,35,3355151,-4332.0,3518.0,745.0
5BTG,3,35,3355152,-4332.0,3653.0,745.0
5BTG,3,35,3355161,-4472.0,3518.0,745.0
5BTG,3,35,3355162,-4472.0,3653.0,745.0
5BTG,3,35,3355171,-4612.0,3518.0,745.0
5BTG,3,35,3355172,-4612.0,3653.0,745.0
5BTG,3,35,3355181,-4752.0,3518.0,745.0
5BTG,3,35,3355182,-4752.0,3653.0,745.0
5BTG,3,35,3355191,-4892.0,3518.0,745.0
5BTG,3,35,3355192,-4892.0,3653.0,745.0
5BTG,3,35,3355201,-5032.0,3518.0,745.0
5BTG,3,35,3355202,-5032.0,3653.0,745.0
5BTG,3,35,3355211,-5172.0,3518.0,745.0
5BTG,3,35,3355212,-5172.0,3653.0,745.0
5BTG,3,35,3355221,-5312.0,3518.0,745.0
5BTG,3,35,3355222,-5312.0,3653.0,745.0
5BTG,3,35,3355231,-5452.0,3518.0,745.0
5BTG,3,35,3355232,-5452.0,3653.0,745.0
5BTG,3,35,3355241,-5592.0,3518.0,745.0
5BTG,3,35,3355242,-5592.0,3653.0,745.0
5BTG,3,35,3355251,-5732.0,3518.0,745.0
5BTG,3,35,3355252,-5732.0,3653.0,745.0
5BTG,3,35,3355261,-5872.0,3518.0,745.0
5BTG,3,35,3355262,-5872.0,3653.0,745.0
5BTG,3,35,3355271,-6012.0,3518.0,745.0
5BTG,3,35,3355272,-6012.0,3653.0,745.0
5BTG,3,35,3355281,-6152.0,3518.0,745.0
5BTG,3,35,3355282,-6152.0,3653.0,745.0
5BTG,3,35,3355291,-6292.0,3518.0,745.0
5BTG,3,35,3355292,-6292.0,3653.0,745.0
5BTG,3,35,3355301,-6432.0,3518.0,745.0
5BTG,3,35,3355302,-6432.0,3653.0,745.0
5BTG,3,35,3355311,-6572.0,3518.0,745.0
5BTG,3,35,3355312,-6572.0,3653.0,745.0
5BTG,3,35,3355321,-6712.0,3518.0,745.0
5BTG,3,35,3355322,-6712.0,3653.0,745.0
5BTG,3,35,3355331,-6852.0,3518.0,745.0
5BTG,3,35,3355332,-6852.0,3653.0,745.0
5BTG,3,35,3355341,-6992.0,3518.0,745.0
5BTG,3,35,3355342,-6992.0,3653.0,745.0
5BTG,3,35,3355351,-7132.0,3518.0,745.0
5BTG,3,35,3355352,-7132.0,3653.0,745.0
5BTG,3,35,3355361,-7272.0,3518.0,745.0
5BTG,3,35,3355362,-7272.0,3653.0,745.0
5BTG,3,35,3355371,-7412.0,3518.0,745.0
5BTG,3,35,3355372,-7412.0,3653.0,745.0
5BTG,3,35,3355381,-7552.0,3518.0,745.0
5BTG,3,35,3355382,-7552.0,3653.0,745.0
5BTG,3,35,3355391,-7692.0,3518.0,745.0
5BTG,3,35,3355392,-7692.0,3653.0,745.0
5BTG,3,35,3355401,-7832.0,3518.0,745.0
5BTG,3,35,3355402,-7832.0,3653.0,745.0
5BTG,3,35,3355411,-7972.0,3518.0,745.0
5BTG,3,35,3355412,-7972.0,3653.0,745.0
5BTG,3,35,3355421,-8112.0,3518.0,745.0
5BTG,3,35,3355422,-8112.0,3653.0,745.0
5BTG,3,35,3355431,-8252.0,3518.0,745.0
5BTG,3,35,3355432,-8252.0,3653.0,745.0
5BTG,3,35,3355441,-8392.0,3518.0,745.0
5BTG,3,35,3355442,-8392.0,3653.0,745.0
5BTG,3,35,3355451,-8532.0,3518.0,745.0
5BTG,3,35,3355452,-8532.0,3653.0,745.0
5BTG,3,35,3355461,-8672.0,3518.0,745.0
5BTG,3,35,3355462,-8672.0,3653.0,745.0
5BTG,3,35,3355471,-8812.0,3518.0,745.0
5BTG,3,35,3355472,-8812.0,3653.0,745.0
5BTG,3,35,3355481,-8952.0,3518.0,745.0
5BTG,3,35,3355482,-8952.0,3653.0,745.0
5BTG,3,35,3355491,-9092.0,3518.0,745.0
5BTG,3,35,3355492,-9092.0,3653.0,745.0
5BTG,3,35,3355501,-9232.0,3518.0,745.0
5BTG,3,35,3355502,-9232.0,3653.0,745.0
5BTG,3,35,3355511,-9372.0,3518.0,745.0
5BTG,3,35,3355512,-9372.0,3653.0,745.0
5BTG,3,35,3355521,-9512.0,3518.0,745.0
5BTG,3,35,3355522,-9512.0,3653.0,745.0
5BTG,3,35,3355531,-9652.0,3518.0,745.0
5BTG,3,35,3355532,-9652.0,3653.0,745.0
5BTG,3,35,3355541,-9792.0,3518.0,745.0
5BTG,3,35,3355542,-9792.0,3653.0,745.0
5BTG,3,35,3355551,-9932.0,3518.0,745.0
5BTG,3,35,3355552,-9932.0,3653.0,745.0
5BTG,3,35,3355561,-10072.0,3518.0,745.0
5BTG,3,35,3355562,-10072.0,3653.0,745.0
5BTG,3,35,3355571,-10212.0,3518.0,745.0
5BTG,3,35,3355572,-10212.0,3653.0,745.0
5BTG,3,35,3355581,-10352.0,3518.0,745.0
5BTG,3,35,3355582,-10352.0,3653.0,745.0
5BTG,3,35,3356031,-2652.0,3518.0,920.0
5BTG,3,35,3356032,-2652.0,3653.0,920.0
5BTG,3,35,3356041,-2792.0,3518.0,920.0
5BTG,3,35,3356042,-2792.0,3653.0,920.0
5BTG,3,35,3356051,-2932.0,3518.0,920.0
5BTG,3,35,3356052,-2932.0,3653.0,920.0
5BTG,3,35,3356061,-3072.0,3518.0,920.0
5BTG,3,35,3356062,-3072.0,3653.0,920.0
5BTG,3,35,3356071,-3212.0,3518.0,920.0
5BTG,3,35,3356072,-3212.0,3653.0,920.0
5BTG,3,35,3356081,-3352.0,3518.0,920.0
5BTG,3,35,3356082,-3352.0,3653.0,920.0
5BTG,3,35,3356091,-3492.0,3518.0,920.0
5BTG,3,35,3356092,-3492.0,3653.0,920.0
5BTG,3,35,3356101,-3632.0,3518.0,920.0
5BTG,3,35,3356102,-3632.0,3653.0,920.0
5BTG,3,35,3356111,-3772.0,3518.0,920.0
5BTG,3,35,3356112,-3772.0,3653.0,920.0
5BTG,3,35,3356121,-3912.0,3518.0,920.0
5BTG,3,35,3356122,-3912.0,3653.0,920.0
5BTG,3,35,3356131,-4052.0,3518.0,920.0
5BTG,3,35,3356132,-4052.0,3653.0,920.0
5BTG,3,35,3356141,-4192.0,3518.0,920.0
5BTG,3,35,3356142,-4192.0,3653.0,920.0
5BTG,3,35,3356151,-4332.0,3518.0,920.0
5BTG,3,35,3356152,-4332.0,3653.0,920.0
5BTG,3,35,3356161,-4472.0,3518.0,920.0
5BTG,3,35,3356162,-4472.0,3653.0,920.0
5BTG,3,35,3356171,-4612.0,3518.0,920.0
5BTG,3,35,3356172,-4612.0,3653.0,920.0
5BTG,3,35,3356181,-4752.0,3518.0,920.0
5BTG,3,35,3356182,-4752.0,3653.0,920.0
5BTG,3,35,3356191,-4892.0,3518.0,920.0
5BTG,3,35,3356192,-4892.0,3653.0,920.0
5BTG,3,35,3356201,-5032.0,3518.0,920.0
5BTG,3,35,3356202,-5032.0,3653.0,920.0
5BTG,3,35,3356211,-5172.0,3518.0,920.0
5BTG,3,35,3356212,-5172.0,3653.0,920.0
5BTG,3,35,3356221,-5312.0,3518.0,920.0
5BTG,3,35,3356222,-5312.0,3653.0,920.0
5BTG,3,35,3356231,-5452.0,3518.0,920.0
5BTG,3,35,3356232,-5452.0,3653.0,920.0
5BTG,3,35,3356241,-5592.0,3518.0,920.0
5BTG,3,35,3356242,-5592.0,3653.0,920.0
5BTG,3,35,3356251,-5732.0,3518.0,920.0
5BTG,3,35,3356252,-5732.0,3653.0,920.0
5BTG,3,35,3356261,-5872.0,3518.0,920.0
5BTG,3,35,3356262,-5872.0,3653.0,920.0
5BTG,3,35,3356271,-6012.0,3518.0,920.0
5BTG,3,35,3356272,-6012.0,3653.0,920.0
5BTG,3,35,3356281,-6152.0,3518.0,920.0
5BTG,3,35,3356282,-6152.0,3653.0,920.0
5BTG,3,35,3356291,-6292.0,3518.0,920.0
5BTG,3,35,3356292,-6292.0,3653.0,920.0
5BTG,3,35,3356301,-6432.0,3518.0,920.0
5BTG,3,35,3356302,-6432.0,3653.0,920.0
5BTG,3,35,3356311,-6572.0,3518.0,920.0
5BTG,3,35,3356312,-6572.0,3653.0,920.0
5BTG,3,35,3356321,-6712.0,3518.0,920.0
5BTG,3,35,3356322,-6712.0,3653.0,920.0
5BTG,3,35,3356331,-6852.0,3518.0,920.0
5BTG,3,35,3356332,-6852.0,3653.0,920.0
5BTG,3,35,3356341,-6992.0,3518.0,920.0
5BTG,3,35,3356342,-6992.0,3653.0,920.0
5BTG,3,35,3356351,-7132.0,3518.0,920.0
5BTG,3,35,3356352,-7132.0,3653.0,920.0
5BTG,3,35,3356361,-7272.0,3518.0,920.0
5BTG,3,35,3356362,-7272.0,3653.0,920.0
5BTG,3,35,3356371,-7412.0,3518.0,920.0
5BTG,3,35,3356372,-7412.0,3653.0,920.0
5BTG,3,35,3356381,-7552.0,3518.0,920.0
5BTG,3,35,3356382,-7552.0,3653.0,920.0
5BTG,3,35,3356391,-7692.0,3518.0,920.0
5BTG,3,35,3356392,-7692.0,3653.0,920.0
5BTG,3,35,3356401,-7832.0,3518.0,920.0
5BTG,3,35,3356402,-7832.0,3653.0,920.0
5BTG,3,35,3356411,-7972.0,3518.0,920.0
5BTG,3,35,3356412,-7972.0,3653.0,920.0
5BTG,3,35,3356421,-8112.0,3518.0,920.0
5BTG,3,35,3356422,-8112.0,3653.0,920.0
5BTG,3,35,3356431,-8252.0,3518.0,920.0
5BTG,3,35,3356432,-8252.0,3653.0,920.0
5BTG,3,35,3356441,-8392.0,3518.0,920.0
5BTG,3,35,3356442,-8392.0,3653.0,920.0
5BTG,3,35,3356451,-8532.0,3518.0,920.0
5BTG,3,35,3356452,-8532.0,3653.0,920.0
5BTG,3,35,3356461,-8672.0,3518.0,920.0
5BTG,3,35,3356462,-8672.0,3653.0,920.0
5BTG,3,35,3356471,-8812.0,3518.0,920.0
5BTG,3,35,3356472,-8812.0,3653.0,920.0
5BTG,3,35,3356481,-8952.0,3518.0,920.0
5BTG,3,35,3356482,-8952.0,3653.0,920.0
5BTG,3,35,3356491,-9092.0,3518.0,920.0
5BTG,3,35,3356492,-9092.0,3653.0,920.0
5BTG,3,35,3356501,-9232.0,3518.0,920.0
5BTG,3,35,3356502,-9232.0,3653.0,920.0
5BTG,3,35,3356511,-9372.0,3518.0,920.0
5BTG,3,35,3356512,-9372.0,3653.0,920.0
5BTG,3,35,3356521,-9512.0,3518.0,920.0
5BTG,3,35,3356522,-9512.0,3653.0,920.0
5BTG,3,35,3356531,-9652.0,3518.0,920.0
5BTG,3,35,3356532,-9652.0,3653.0,920.0
5BTG,3,35,3356541,-9792.0,3518.0,920.0
5BTG,3,35,3356542,-9792.0,3653.0,920.0
5BTG,3,35,3356551,-9932.0,3518.0,920.0
5BTG,3,35,3356552,-9932.0,3653.0,920.0
5BTG,3,35,3356561,-10072.0,3518.0,920.0
5BTG,3,35,3356562,-10072.0,3653.0,920.0
5BTG,3,35,3356571,-10212.0,3518.0,920.0
5BTG,3,35,3356572,-10212.0,3653.0,920.0
5BTG,3,35,3356581,-10352.0,3518.0,920.0
5BTG,3,35,3356582,-10352.0,3653.0,920.0
